order_no,reservation_id,user_id,status,created_at,expire_at
14ac4410-2953-4cf1-887f-daa5da52d7b8,24-a75bd463-1c94-44b2-a64d-317d8d6497e0,35,WAIT_PAY,2026-09-30 12:30:54.075000,2026-09-30 12:40:54.075000
ecd16f84-daaa-4ca3-81c9-8689d36aef39,24-e2d43b3b-341f-41da-8e9d-2d3a9df8a95f,11,WAIT_PAY,2026-09-30 12:30:54.092000,2026-09-30 12:40:54.092000
58e7e7b0-c211-411d-9883-779ae25bf282,24-61fa93ba-6f59-4603-8ff6-256bcd7551b8,17,WAIT_PAY,2026-09-30 12:30:54.132000,2026-09-30 12:40:54.132000
f0621ee9-5188-4259-9f6c-acb79ddec20c,24-9d30f2e4-eb2e-42c3-9ba9-3c608bf84a2e,28,WAIT_PAY,2026-09-30 12:30:54.146000,2026-09-30 12:40:54.146000
afa0707c-dc9c-4046-b97d-fb4b56a04dc6,24-b1eb8db4-4f17-4b4b-95b9-f29ab4842382,40,WAIT_PAY,2026-09-30 12:30:54.167000,2026-09-30 12:40:54.167000
63eca62a-c971-4c64-8383-c97eb93d4f58,24-43fda34e-9330-4116-8e39-545ee1b2f525,13,WAIT_PAY,2026-09-30 12:30:54.197000,2026-09-30 12:40:54.197000
da61a1bb-2379-4c79-b9c2-527e301325b3,24-cde6ac29-fa78-4f20-abe6-516ba06109d0,19,WAIT_PAY,2026-09-30 12:30:54.218000,2026-09-30 12:40:54.218000
59c1b896-e1df-41b8-8770-d1a2242ca9c3,24-97fb3cd3-4a42-4f79-87c8-d8a7dc1915ff,9,WAIT_PAY,2026-09-30 12:30:54.233000,2026-09-30 12:40:54.233000
be0f8471-80ef-4f42-8483-f0a1645a74e5,24-bc71b6b3-3c8c-47ad-ac2d-130d7e8909e1,3,WAIT_PAY,2026-09-30 12:30:54.250000,2026-09-30 12:40:54.250000
6623b14b-3106-4f35-b6d0-92ec1cfc31c9,24-7a648f38-5f40-4d68-89b4-ddc2eda32578,15,WAIT_PAY,2026-09-30 12:30:54.270000,2026-09-30 12:40:54.270000
e672e331-c926-4338-9d07-1c71954c1591,24-04abfd6c-0f06-4231-bca4-756148bdeac9,32,WAIT_PAY,2026-09-30 12:30:54.280000,2026-09-30 12:40:54.280000
32b2e821-19fa-492d-a073-e0509ea1e6e8,24-d9d90f94-0f2b-4365-a88a-b42cef713779,18,WAIT_PAY,2026-09-30 12:30:54.310000,2026-09-30 12:40:54.310000
90605713-9e3b-4a06-8e34-a8d134374bb9,24-5c343dbc-cc7c-40be-ae8b-c66fd971f1a8,25,WAIT_PAY,2026-09-30 12:30:54.330000,2026-09-30 12:40:54.330000
2f75d55e-d825-4770-8b79-dc113ba3d186,24-c61f500b-391c-4bf3-bea7-ed1671918b9f,2,WAIT_PAY,2026-09-30 12:30:54.344000,2026-09-30 12:40:54.344000
6611d2ba-6746-4b43-94b0-df26c81773b1,24-9d0e041c-1ead-422f-88da-95a031261b03,33,WAIT_PAY,2026-09-30 12:30:54.375000,2026-09-30 12:40:54.375000
c6c4f725-5cc8-4a0c-8f57-9112ec5c6560,24-8ae6485e-9ad7-4fe8-b660-c7050454b262,6,WAIT_PAY,2026-09-30 12:30:54.433000,2026-09-30 12:40:54.433000
eb6d2aba-a7d9-4cbe-b2a7-3eb67d17eeee,24-37dcd489-0d9a-4836-9992-3adbba6d1339,14,WAIT_PAY,2026-09-30 12:30:54.464000,2026-09-30 12:40:54.464000
2f642856-d3db-4670-9b23-3780e5a33395,24-535da68d-f65c-4cb3-8ed1-332fda30b71c,20,WAIT_PAY,2026-09-30 12:30:54.487000,2026-09-30 12:40:54.487000
a7be3c13-7959-46f0-9b99-fd592d96290b,24-78314621-eec8-4030-93c0-71d8c6a6250c,8,WAIT_PAY,2026-09-30 12:30:54.497000,2026-09-30 12:40:54.497000
9cd0f948-8aff-4c98-84e7-3073b6ddfce6,24-c4da0e7a-1181-4e62-8c8b-aeef69148f5b,21,WAIT_PAY,2026-09-30 12:30:54.523000,2026-09-30 12:40:54.523000
93ea79c5-556b-4a30-9905-511a7ed3f4d7,24-cc693852-6f88-4b2b-9374-28407db842ee,26,WAIT_PAY,2026-09-30 12:30:54.541000,2026-09-30 12:40:54.541000
0bf962d7-5137-4bfb-aa84-813073113484,24-d2af2b11-3437-4a13-ad94-906cfa5b7c2d,27,WAIT_PAY,2026-09-30 12:30:54.549000,2026-09-30 12:40:54.549000
45491bee-b9b1-43c3-979d-678b7ac39a46,24-24736e57-f71a-4441-bb31-3628cd3bdabb,10,WAIT_PAY,2026-09-30 12:30:54.581000,2026-09-30 12:40:54.581000
2ebee5ef-dc66-43a3-a3d2-d5e4d1737b16,24-f9032f2b-e172-4d46-be7d-016aa6df5959,23,WAIT_PAY,2026-09-30 12:30:54.604000,2026-09-30 12:40:54.604000
845355a8-7286-4881-a40f-36352fa04991,24-cc8e7322-312e-4edc-86b1-c28a62010065,7,WAIT_PAY,2026-09-30 12:30:54.621000,2026-09-30 12:40:54.621000
716a9a21-7232-4193-b368-6f7e256427c8,24-f1f722c3-50ef-46d8-86aa-4e29ff51c66f,29,WAIT_PAY,2026-09-30 12:30:54.630000,2026-09-30 12:40:54.630000
023e663f-cb9b-4ee2-a7c0-14754995b95d,24-e77af565-a225-4ebb-aed6-5acbfd16b7a5,24,WAIT_PAY,2026-09-30 12:30:54.648000,2026-09-30 12:40:54.648000
1100d3af-430c-49ff-8f53-88d32ede082e,24-1fd7b43f-746e-4ed2-8aac-8bdb2177d138,36,WAIT_PAY,2026-09-30 12:30:54.667000,2026-09-30 12:40:54.667000
db41f1a4-2a25-436e-a807-9ae5374cd152,24-8fa77189-f8cd-4b7a-8fdc-8322b04da8ca,30,WAIT_PAY,2026-09-30 12:30:54.709000,2026-09-30 12:40:54.709000
dca62b48-ec7d-4528-a1de-859d191ce65e,24-ef358125-bd1f-48eb-9ae3-0bba85703e65,12,WAIT_PAY,2026-09-30 12:30:54.759000,2026-09-30 12:40:54.759000
6f012d82-4c5c-458e-bfb3-1bac81690fe5,24-d1de1e73-f861-4c20-866e-a58679182d0a,38,WAIT_PAY,2026-09-30 12:30:54.807000,2026-09-30 12:40:54.807000
7acd93a2-f350-4580-be40-59ca4663a34c,24-4f95e061-ecdc-4e4b-8e61-9826b403bd90,34,WAIT_PAY,2026-09-30 12:30:54.830000,2026-09-30 12:40:54.830000
4ad32241-9d7d-487c-9ee3-5ae2c8eba289,24-d4dd9356-3ab2-4d04-b366-f10102e939d6,58,WAIT_PAY,2026-09-30 12:30:54.860000,2026-09-30 12:40:54.860000
8ad9e287-956c-44a6-814a-398ce2681ef7,24-1dc7f108-cd64-4f4b-bcaa-3095a1c3037c,31,WAIT_PAY,2026-09-30 12:30:54.894000,2026-09-30 12:40:54.894000
ab97c964-cc43-4b5b-92fa-7be65720f849,24-1f78b9c8-f6c3-48c5-b687-804864b8c3b6,43,WAIT_PAY,2026-09-30 12:30:54.946000,2026-09-30 12:40:54.946000
1f3c646d-1dbc-4eff-9fbd-5b9df18f202d,24-3c2c504a-4b9c-4404-b770-887f900563f8,47,WAIT_PAY,2026-09-30 12:30:54.972000,2026-09-30 12:40:54.972000
f4d1993c-9fc8-450d-a851-ceaba0d4f05b,24-b8eb1e98-c216-47b3-b371-a44e0f120def,42,WAIT_PAY,2026-09-30 12:30:54.994000,2026-09-30 12:40:54.994000
e72116b6-3a39-497f-8ab0-52e2ce8bf27a,24-748d085a-8637-4496-9f70-f64cdad803d0,49,WAIT_PAY,2026-09-30 12:30:55.014000,2026-09-30 12:40:55.014000
6165f26a-a058-4768-bfbf-b24bdfa74f21,24-734da5d5-ba52-4f3c-92a1-f330f8d181c6,56,WAIT_PAY,2026-09-30 12:30:55.027000,2026-09-30 12:40:55.027000
8906f37f-a8c3-44e4-891a-f2016358b72c,24-ce1ee151-faaa-4749-ac62-41d44044cd6f,59,WAIT_PAY,2026-09-30 12:30:55.044000,2026-09-30 12:40:55.044000
12afe804-11ae-41a2-989d-2ff29a990726,24-f41656d8-18e5-49cb-a4dc-dda9b944c923,16,WAIT_PAY,2026-09-30 12:30:55.051000,2026-09-30 12:40:55.051000
2321ec1d-591e-43aa-95ad-cdb7ae0f9df0,24-5bdb7ef3-cb1b-45c4-93c6-f60961b7a3f3,45,WAIT_PAY,2026-09-30 12:30:55.059000,2026-09-30 12:40:55.059000
d5c4af87-7baa-4434-a2e5-d8e322903f16,24-1537a8e7-e89b-4152-be75-16368cb6e84d,22,WAIT_PAY,2026-09-30 12:30:55.065000,2026-09-30 12:40:55.065000
56093fb8-3883-47d7-9eb7-1001844e1be5,24-10a0f41a-050c-4b66-a881-ec7d211d76fa,44,WAIT_PAY,2026-09-30 12:30:55.088000,2026-09-30 12:40:55.088000
89aa3baf-b893-4207-9ba5-9f94105b663e,24-1c88675d-8f8b-433a-afa5-817acab7dd28,53,WAIT_PAY,2026-09-30 12:30:55.102000,2026-09-30 12:40:55.102000
7c900e6b-2e60-4eb1-a077-aaaa8b32438d,24-00cf2ae1-dfa9-43da-92b1-73710fc20fdb,55,WAIT_PAY,2026-09-30 12:30:55.113000,2026-09-30 12:40:55.113000
8fffdea9-fa21-40ac-8be1-c05bed1ca17c,24-2c808f97-9111-4b26-b008-8cc7d4a53e1c,60,WAIT_PAY,2026-09-30 12:30:55.120000,2026-09-30 12:40:55.120000
e3e9b44c-cdf0-44c2-9fb5-4582b1a0f590,24-47f9b152-1d7f-4e8d-be54-f6256e7aec5c,41,WAIT_PAY,2026-09-30 12:30:55.136000,2026-09-30 12:40:55.136000
8b2eb0cd-3e71-47f8-8e0c-d6d09c8a9d2b,24-2a025e82-945f-4fd6-a69c-57ab95371584,37,WAIT_PAY,2026-09-30 12:30:55.146000,2026-09-30 12:40:55.146000
56aa795f-2b8d-42b0-928f-7e9e8fdde537,24-14d91867-1b40-4f9b-9184-b4f9618a27ea,39,WAIT_PAY,2026-09-30 12:30:55.152000,2026-09-30 12:40:55.152000
2ff0dfbd-02f2-4822-9c84-ab4ab8288fa4,24-b5d13624-175b-4e3b-a2b8-0ffa814dabab,46,WAIT_PAY,2026-09-30 12:30:55.173000,2026-09-30 12:40:55.173000
b353bc2b-20bf-4fd2-a5db-c03cc0d9ad0a,24-6e59c9e2-6bde-48d8-9736-fb574d9d4a14,54,WAIT_PAY,2026-09-30 12:30:55.188000,2026-09-30 12:40:55.188000
da3f9165-6d01-4a77-b48a-c7f947288ff7,24-bf632fbd-1ea5-49ec-bd38-e20712060086,61,WAIT_PAY,2026-09-30 12:30:55.200000,2026-09-30 12:40:55.200000
c28324fd-8a3f-49a1-ad27-a3851310b3cd,24-8e71ce6a-4cf0-4964-aa76-33a4473c6d99,51,WAIT_PAY,2026-09-30 12:30:55.213000,2026-09-30 12:40:55.213000
e8924259-cf52-47f3-90dc-e6676305363d,24-d9254df6-81c6-41c9-b596-40e289bbac3d,57,WAIT_PAY,2026-09-30 12:30:55.218000,2026-09-30 12:40:55.218000
fbbfa303-f65a-45bb-b385-821ffa1ce17c,24-729aad20-f9ea-4740-a44e-10d745310a83,52,WAIT_PAY,2026-09-30 12:30:55.227000,2026-09-30 12:40:55.227000
28423555-4439-46eb-bcb4-1c1d97a6f561,24-4c6ef06c-bcdf-4d8a-a9a5-56796cdf9aa3,75,WAIT_PAY,2026-09-30 12:30:55.234000,2026-09-30 12:40:55.234000
de1278ff-3ead-4451-bf69-475ad8f10402,24-d270b992-24cf-4f21-9f3b-fb92a2735f19,76,WAIT_PAY,2026-09-30 12:30:55.245000,2026-09-30 12:40:55.245000
6c06b1b6-45e4-4293-a74e-2480ab3e0ee6,24-67526dc2-f9d9-4b0b-8947-5e7c02b7330e,64,WAIT_PAY,2026-09-30 12:30:55.248000,2026-09-30 12:40:55.248000
9b8fd768-9277-4f3d-b59b-270bea05c847,24-c1e91f92-3d81-4d18-8d57-148e3893557f,50,WAIT_PAY,2026-09-30 12:30:55.255000,2026-09-30 12:40:55.255000
6fe841fa-f506-40ad-a9a8-53c413480618,24-2f1d0da5-8fbe-4786-becb-1dd863ac8367,71,WAIT_PAY,2026-09-30 12:30:55.260000,2026-09-30 12:40:55.260000
fd3a4d95-c888-4370-a897-7e23b1530ebe,24-8bd6cabe-3b0b-4669-93ce-81eef10638db,48,WAIT_PAY,2026-09-30 12:30:55.263000,2026-09-30 12:40:55.263000
144f3bb6-b006-48d6-8c09-e692f4566972,24-988111cb-6440-4d67-bb92-68ceaffd17a9,62,WAIT_PAY,2026-09-30 12:30:55.270000,2026-09-30 12:40:55.270000
2c1e3ea2-9b24-4f0c-895b-ee703331730e,24-fcda753e-2ace-4cfa-8a84-b2050ecd6f92,72,WAIT_PAY,2026-09-30 12:30:55.278000,2026-09-30 12:40:55.278000
1762801d-f3d7-4f7f-bea0-81e2e400796d,24-830b4b29-bf4f-4527-86cc-11a99f878252,70,WAIT_PAY,2026-09-30 12:30:55.283000,2026-09-30 12:40:55.283000
789fea31-c723-478c-8900-5e33727bb997,24-cdedf7b3-2fb8-46d9-966a-20fce5f87ba4,63,WAIT_PAY,2026-09-30 12:30:55.292000,2026-09-30 12:40:55.292000
26eec7c0-6af4-4680-8782-f29e851cd4de,24-d1276b91-5716-4ce8-b2f5-d62ce9f00673,73,WAIT_PAY,2026-09-30 12:30:55.297000,2026-09-30 12:40:55.297000
8e51c87c-9355-4743-a64c-22c1bf1191f9,24-e188d485-24b4-4b36-9840-21e1177c5787,66,WAIT_PAY,2026-09-30 12:30:55.307000,2026-09-30 12:40:55.307000
ccf6afda-89af-49a8-aad6-258d280f9822,24-6e59d581-5e5b-4dd8-8404-85044beac254,82,WAIT_PAY,2026-09-30 12:30:55.314000,2026-09-30 12:40:55.314000
a05b7ecc-086b-49d3-b97a-aa05ce86aaf4,24-a20ddf6e-8296-4f9b-af26-8827b7eb8f52,68,WAIT_PAY,2026-09-30 12:30:55.325000,2026-09-30 12:40:55.325000
90f95e07-a0a3-4e7b-a4c7-edf345b7bcfc,24-d2ea19b7-62f7-4716-ad25-42d33b9f9608,65,WAIT_PAY,2026-09-30 12:30:55.332000,2026-09-30 12:40:55.332000
ae7b57a9-b21c-4944-8028-48a3194d649d,24-ea2639fe-4636-4f8f-827e-89d2d556a665,69,WAIT_PAY,2026-09-30 12:30:55.340000,2026-09-30 12:40:55.340000
05def00a-6c36-484e-aa7c-92c4a905486e,24-64374f74-4b27-4a9e-8fd3-6b5a14a297b9,90,WAIT_PAY,2026-09-30 12:30:55.345000,2026-09-30 12:40:55.345000
a6d27809-c524-41a8-857d-f58dc2926792,24-80a3c71e-6d56-4d6b-a2ea-6bf4d8e4e463,87,WAIT_PAY,2026-09-30 12:30:55.349000,2026-09-30 12:40:55.349000
39545fac-fdbe-4c6d-8eff-33605263c86b,24-ff9dd4ce-1bbc-4006-a32e-2dc5b94cc95c,85,WAIT_PAY,2026-09-30 12:30:55.353000,2026-09-30 12:40:55.353000
01ad03ec-1cb8-4bb2-bc82-02b8645e7f4f,24-3c2201da-0591-4458-a797-887691e218d0,86,WAIT_PAY,2026-09-30 12:30:55.361000,2026-09-30 12:40:55.361000
99b39c2a-e46d-4608-ad26-7e1919cf5fef,24-ea69bce9-db88-4cce-98e4-d5e48f2474b0,78,WAIT_PAY,2026-09-30 12:30:55.371000,2026-09-30 12:40:55.371000
4b67f4b0-28d8-4906-98de-92446831ec57,24-a67a2b33-5c60-44a9-81a0-fe752dfcac0e,81,WAIT_PAY,2026-09-30 12:30:55.375000,2026-09-30 12:40:55.375000
eb327062-c955-490e-9c5a-b3ef27a18e7a,24-feafbb53-df64-47e2-8c93-ea9efc30ac1d,93,WAIT_PAY,2026-09-30 12:30:55.380000,2026-09-30 12:40:55.380000
c1c6615e-8b7f-4793-b63e-10871a14209f,24-ca56dd59-516b-4bcb-b5ab-b8250edff7d9,79,WAIT_PAY,2026-09-30 12:30:55.384000,2026-09-30 12:40:55.384000
defcd4b1-e488-45bd-91a6-4d8ce3bf8d6a,24-0c9ef560-84a1-40fc-86c9-b7011e53a598,77,WAIT_PAY,2026-09-30 12:30:55.389000,2026-09-30 12:40:55.389000
c9161d81-7506-4190-bcc8-6a03a3a32a45,24-3bac6304-2edc-416f-ab4e-bed09f9315c8,67,WAIT_PAY,2026-09-30 12:30:55.392000,2026-09-30 12:40:55.392000
576c5efd-a68e-4b5a-8f06-4153cfb6ecb9,24-52292d8d-41c5-4351-93cd-e96c21bfde3d,89,WAIT_PAY,2026-09-30 12:30:55.397000,2026-09-30 12:40:55.397000
5fa2e5b3-ecfe-456d-94dc-349b2cab4cd8,24-2f8ee9ad-bf7c-498f-9fa0-8c8fcf7cff6d,91,WAIT_PAY,2026-09-30 12:30:55.403000,2026-09-30 12:40:55.403000
1a046d19-9f11-447b-841c-8ddd41fce64f,24-88ebc2b8-38f2-48b1-8a5d-17519441306f,94,WAIT_PAY,2026-09-30 12:30:55.407000,2026-09-30 12:40:55.407000
6afe50ee-8125-47bc-8c40-17632a143fad,24-5ad35628-3d64-4fde-a623-65ad5f41a0a4,74,WAIT_PAY,2026-09-30 12:30:55.411000,2026-09-30 12:40:55.411000
7db3ec84-743e-4249-8d8d-aa56c2808f4b,24-c2cff6e0-11e2-4791-8017-2695ab20e869,80,WAIT_PAY,2026-09-30 12:30:55.418000,2026-09-30 12:40:55.418000
e167a009-6378-4af9-afbf-5998df82d4f6,24-37d93b28-d39c-4a7e-819c-07829fa3321f,88,WAIT_PAY,2026-09-30 12:30:55.429000,2026-09-30 12:40:55.429000
87666922-a718-4250-81f1-3bdab81c0809,24-02964998-73fb-41fe-9775-fbc9d51f7c02,92,WAIT_PAY,2026-09-30 12:30:55.446000,2026-09-30 12:40:55.446000
35da4020-f1a9-40b6-b506-4310e4e794c9,24-4aeef377-72c1-4cff-b487-578027dd38ec,84,WAIT_PAY,2026-09-30 12:30:55.465000,2026-09-30 12:40:55.465000
0af9016b-1355-4c7a-8622-e97c00c3e7b4,24-9598b25d-a169-4794-a150-73414d51ba20,83,WAIT_PAY,2026-09-30 12:30:55.474000,2026-09-30 12:40:55.474000
ea31a2c7-7acf-4fa1-97b9-e9ea5bd79ac6,24-6cb9b3f8-93f8-4ea1-82cb-aac51f6085a6,102,WAIT_PAY,2026-09-30 12:30:55.479000,2026-09-30 12:40:55.479000
0ee5c2e1-2605-4674-85e6-19001aaf0a49,24-2c262b31-6c08-4907-8445-baacbc376a4d,99,WAIT_PAY,2026-09-30 12:30:55.483000,2026-09-30 12:40:55.483000
8f6eff51-4d4e-4e1c-afa7-6501a78055bc,24-91daed71-389f-4138-839d-cc78b38ee8ee,97,WAIT_PAY,2026-09-30 12:30:55.490000,2026-09-30 12:40:55.490000
1ca23106-5903-4f31-aeda-ec406b6f7d19,24-d53b2c91-7b35-4e95-bc3e-8522ba59b093,98,WAIT_PAY,2026-09-30 12:30:55.495000,2026-09-30 12:40:55.495000
d6e9ecec-314d-442a-a72c-5b59ba190ee8,24-178f8b75-5a1d-44b4-8dee-23eeca3cd291,95,WAIT_PAY,2026-09-30 12:30:55.501000,2026-09-30 12:40:55.501000
28f5a3b0-a871-460e-b75a-7f512a1664c8,24-b1d15f6f-60cd-4d56-bad2-be957eae5a6b,96,WAIT_PAY,2026-09-30 12:30:55.506000,2026-09-30 12:40:55.506000
56a28767-2eb4-49bb-8b72-2e1ffc9fdef8,24-0ecf8a09-9535-48c1-903d-4349ab90e425,101,WAIT_PAY,2026-09-30 12:30:55.511000,2026-09-30 12:40:55.511000
1466f64f-d8cb-4be7-875d-a3fdab402cc1,24-8e23725d-ac03-418d-9962-53c1a6877b0c,100,WAIT_PAY,2026-09-30 12:30:55.516000,2026-09-30 12:40:55.516000
40d20f77-aae3-4e18-a596-b58df2f1e2b7,24-f0556dc3-c963-46b5-857a-c3649ab0b20b,103,WAIT_PAY,2026-09-30 12:30:55.529000,2026-09-30 12:40:55.529000
